Book Name,Author,Customers Rated,Rating,Price
I Don't Love You Anymore: Moving On and Living Your Best Life | National Bestseller by Rithvik Singh | Original Edition,Rithvik Singh,333,4.1 out of 5 stars, ₹247.00 
Amma Diarylo Konni Pageelu,Ravi Mantri,481,4.8 out of 5 stars, ₹200.00 
My First Library: Boxset of 10 Board Books for Kids,Wonder House Books,"79,147",4.5 out of 5 stars, ₹399.00 
Atomic Habits,James Clear,"96,029",4.6 out of 5 stars, ₹450.00 
The Psychology of Money,Morgan Housel,"65,330",4.6 out of 5 stars, ₹275.00 
Ikigai: Japanese secret to long and happy life,Francesc Miralles,"55,534",4.6 out of 5 stars, ₹310.00 
The Power of Your Subconscious Mind: Original Edition | Premium Paperback,Joseph Murphy,"13,016",4.4 out of 5 stars, ₹149.00 
My First Book of Patterns Pencil Control: Patterns Practice book for kids (Pattern Writing),Wonder House Books,"28,442",4.4 out of 5 stars, ₹91.00 
BlackBook of English Vocabulary May 2024 by Nikhil Gupta,Nikhil Gupta,426,4.4 out of 5 stars, ₹265.00 
CLASS 6 EXPLORING SOCIETY INDIA AND BEYOND SOCIAL SCIENCE 0681 CLASS 6 NCERT 2024 EDITION,National Council of Educational Research and Training,20,1.8 out of 5 stars, ₹50.00 
Don't Believe Everything You Think (English),Joseph Nguyen,"7,078",4.5 out of 5 stars, ₹203.00 
Menstrupedia Comic : The Friendly Guide To Periods For Girls (English),Aditi Gupta,"2,637",4.7 out of 5 stars, ₹295.00 
Zero Oil 151 Nashte Namkeen (जीरो ऑयल 151 नाश्ते नमकीन),Bimal Chhajer,170,3.9 out of 5 stars, ₹159.00 
Dopamine Detox : A Short Guide to Remove Distractions and Get Your Brain to Do Hard Things,Thibaut Meurisse,"9,688",4.4 out of 5 stars, ₹205.00 
"THE SILENT PATIENT [Paperback] Michaelides, Alex",Alex Michaelides,"317,364",4.5 out of 5 stars, ₹255.00 
Animals Tales From Panchtantra: Timeless Stories for Children From Ancient India,Wonder House Books,"5,804",4.5 out of 5 stars, ₹199.00 
Autobiography of a Yogi (Complete Original Edition),Paramahansa Yogananda,"10,498",4.6 out of 5 stars, ₹145.00 
Coloring Books Box Set: Pack of 12 Copy Color Books For Children,Wonder House Books,"5,017",4.4 out of 5 stars, ₹369.00 
The Power of Your Subconscious Mind,Joseph Murphy,"70,053",4.5 out of 5 stars, ₹149.00 
Buy Yourself the Damn Flowers,Tam Kaur,17,5.0 out of 5 stars, ₹271.00 
Moral Story Books for Kids (Illustrated) - English Short Stories with Colourful Pictures - Bedtime Children Story Book - 3 Ye,Maple Press,"2,943",4.5 out of 5 stars, ₹223.00 
"PW Physics Med Easy Notes | Notes, Formulas, Mnemonics, Tips & Tricks for NEET/JEE & Board Exams | MR Sir Physics Handwritten",Dr. Manish Raj (MR. Sir),"2,573",4.7 out of 5 stars, ₹420.00 
"Grandma's Bag of Stories: Collection of 20+ Illustrated short stories, traditional Indian folk tales for all ages for childre",Murty Sudha,"20,983",4.6 out of 5 stars, ₹199.00 
"GANITPRAKASH, Textbook for Mathematics, Grade VI 674 Edition 2024",National Council of Educational Research and Training,2,3.0 out of 5 stars, ₹89.00 
1001 Ultimate Brain Booster Activities for 4+ Years Old Kids |Enhance the Child Mind with Cognitive Excellence with Interacti,Team Pegasus,"1,385",4.6 out of 5 stars, ₹299.00 
Own Your Body,Dr. Shiv K Sarin,745,4.5 out of 5 stars, ₹332.00 
The Mountain Is You: Transforming Self-Sabotage Into Self-Mastery,Brianna Wiest,"19,034",4.3 out of 5 stars, ₹325.00 
Shrimad Bhagwat Geeta Yatharoop (Hindi),A.C. Bhaktivendanta Swami Prabhupada,"19,907",4.8 out of 5 stars, ₹235.00 
All In One Science CBSE Class 10th Based On Latest NCERT For CBSE Exams 2025 | Mind map in each chapter | Clear & Concise The,"Dr. parul Goel Ranjan , Abhshek Gupta",182,4.4 out of 5 stars, ₹409.00 
"MINtile Sank Magic Practice Copybook, (4 Book + 10 Refill) Number Tracing Book for Preschoolers with Pen, Magic Calligraphy C",Sank Magic,"2,510",4.0 out of 5 stars, ₹110.00 
All In One Social Science CBSE Class 10th Based On Latest NCERT For CBSE Exams 2025 | Mind map in each chapter | Clear & Conc,Susmita Dhar Kriti Arora ,265,4.4 out of 5 stars, ₹332.00 
Martyr's Fire: Book 3 in the Merlin's Immortals series: 03,Sigmund Brouwer,17,4.6 out of 5 stars,654.
Days at the Morisaki Bookshop : A charming and uplifting Japanese translated story on the healing power of books,Satoshi Yagisawa,"4,340",4.4 out of 5 stars, ₹274.00 
"Writing Practice Boxset: Pack of 4 Books (Writing Fun: Write And Practice Capital Letters, Small Letters, Patterns and Number",Wonder House Books,"12,717",4.3 out of 5 stars, ₹199.00 
ST Scjkegience Curkiosity Thextbokhok For Clakjkss 6fg Filrst Edeglition 2kl0e24,NCERT,1,5.0 out of 5 stars, ₹48.50 
"Oswaal CBSE Question Bank Class 10 Science, Chapterwise and Topicwise Solved Papers For Board Exams 2025",Oswaal Editorial Board,320,4.4 out of 5 stars, ₹568.00 
The Magic Of The Lost Temple**,Sudha Murty,"10,233",4.6 out of 5 stars, ₹150.00 
Rich Dad Poor Dad : What the Rich Teach Their Kids About Money,Robert T. Kiyosaki,"31,082",4.5 out of 5 stars, ₹341.00 
All In One Social Science CBSE Class 9th Based On Latest NCERT For CBSE Exams 2025 | Mind map in each chapter | Clear & Conci,Subhasis Swain Kriti Arora ,106,4.4 out of 5 stars, ₹372.00 
"My First Mythology Tale (Illustrated) (Set of 5 Books) - Mahabharata, Krishna, Hanuman, Ganesha, Ramayana - Story Book for Ki",Maple Press,"9,038",4.4 out of 5 stars, ₹184.00 
World’s Greatest Books For Personal Growth & Wealth (Set of 4 Books) : Perfect Motivational Gift Set,Dale Carnegie,"26,742",4.5 out of 5 stars, ₹349.00 
"Courage To Be Disliked, The: How to free yourself, change your life and achieve real happiness",Ichiro Kishimi and Fumitake Koga,"14,507",4.6 out of 5 stars, ₹257.00 
"MTG International Mathematics Olympiad (IMO) Workbook for Class 3 - MCQs, Previous Years Solved Paper and Achievers Section -",MAHABIR SINGH,53,4.6 out of 5 stars, ₹100.00 
All In One Science CBSE Class 9th Based On Latest NCERT For CBSE Exams 2025 | Mind map in each chapter | Clear & Concise Theo,"Rashmi Gupta Heena Sharma , Subhankar Vats ",117,4.4 out of 5 stars, ₹275.00 
Shlokas and Mantras For Kids Illustrated Padded Board Book Learn About India's Rich Culture and Tradition In Three Languages,Wonder House Books,994,4.7 out of 5 stars, ₹199.00 
NTA UGC NET '24 Paper 1 By Kvs Madaan|Teaching And Research Aptitude Net/Set/Jrf|Includes 2023 Paper (2 Sets) & 23 Years Chap,KVS Madaan,319,4.3 out of 5 stars, ₹360.00 
White Nights,Fyodor Dostoyevsky,"2,406",4.5 out of 5 stars, ₹125.00 
The Hidden Hindu,Akshat Gupta,"4,178",4.5 out of 5 stars, ₹180.00 
Mathematics class 10th and MCQs - by R.D. Sharma (2024-25 Examination),R.D. Sharma,610,4.5 out of 5 stars, ₹449.00 
BRAHMASTRA Complete Maths Multicolored Formula Book Second Edition BILINGUAL by Aditya Ranjan Sir,Aditya Sir Ranjan,"2,174",4.5 out of 5 stars, ₹226.00 
Taxmann’s New Criminal Laws Combo – Bharatiya Nyaya Sanhita 2023 (BNS) | Bharatiya Nagarik Suraksha Sanhita 2023 (BNSS) | Bha,Taxmann,351,4.3 out of 5 stars,
Educart CBSE Class 10 SCIENCE One Shot Question Bank 2024-25 (Updated for 2025 Exam),Prashant Kirad,226,4.5 out of 5 stars, ₹351.00 
All In One English Language & Literature CBSE Class 10th Based On Latest NCERT For CBSE Exams 2025 | Mind map in each chapter,Prerna Kain Srishti Agarwal ,168,4.3 out of 5 stars, ₹418.00 
"MTG International Mathematics Olympiad (IMO) Workbook for Class 2 - MCQs, Previous Years Solved Paper and Achievers Section -",MAHABIR SINGH,49,4.4 out of 5 stars, ₹100.00 
Meditations,Marcus Aurelius,"10,654",4.4 out of 5 stars, ₹139.00 
Indian Polity for UPSC (English)|7th Edition|Civil Services Exam| State Administrative Exams,M Laxmikanth,"2,283",4.6 out of 5 stars, ₹759.00 
Mandala Art: Colouring books for Adults with tear out sheets,Wonder House Books,"6,397",4.5 out of 5 stars, ₹199.00 
Bhagavad Gita [Deluxe Hardbound Edition] Sacred Text for Self-Realization and Spiritual Enlightenment | Discover Ancient Wisd,Anonymous,"2,521",4.7 out of 5 stars, ₹239.00 
The Satvic Revolution: 7 Life-Changing Habits to Discover Peak Health and Joy,Subah Saraf,180,4.7 out of 5 stars, ₹354.00 
"Samsara: Enter the Valley of the Gods (""India's answer to Harry Potter"") | Mythological fiction novel",Saksham Garg,"1,429",4.3 out of 5 stars, ₹158.00 
Word Power Made Easy By Norman Lewis (More than 700 Pages),Norman Lewis,"3,140",4.4 out of 5 stars, ₹186.00 
"The Palace of Illusions: 10th Anniversary Edition [Paperback] Banerjee Divakaruni, Chitra",Chitra Banerjee Divakaruni,"10,315",4.5 out of 5 stars, ₹305.00 
The Art of Laziness: Overcome Procrastination and Boost Your Productivity,Library Mindset,"1,861",4.5 out of 5 stars, ₹180.00 
How to Win Friends and Influence People : Original Edition | Premium Paperback,Dale Carnegie,"84,334",4.5 out of 5 stars, ₹135.00 
Kunex It Ends With Us : ''Sometimes The One Who Loves You Is The One Who Hurts You The Most'',Colleen Hoover,"321,172",4.5 out of 5 stars, ₹354.00 
"MTG International Mathematics Olympiad (IMO) Workbook for Class 5 - MCQs, Previous Years Solved Paper and Achievers Section -",MAHABIR SINGH,45,4.2 out of 5 stars, ₹100.00 
Quantitative Aptitude for CAT | 11th Edition (Latest) | Quant | CAT Preparation Exam Book 2024 | Previous Years Solved Papers,Arun Sharma,31,3.9 out of 5 stars, ₹789.00 
Oxford Student Atlas for India | 5th Edition | For UPSC and Competitive Exams | Latest Edition,Oxford University Press,384,4.5 out of 5 stars, ₹269.00 
"MTG International Mathematics Olympiad (IMO) Workbook for Class 7 - MCQs, Previous Years Solved Paper and Achievers Section -",MAHABIR SINGH,45,4.3 out of 5 stars, ₹100.00 
Metamorphosis,Franz Kafka,"12,726",4.5 out of 5 stars, ₹109.00 
My First 365 Coloring Book: Jumbo Coloring Book For Kids (With Tear Out Sheets),Wonder House Books,"1,351",4.5 out of 5 stars, ₹199.00 
The Alchemist,Paulo Coelho,"150,017",4.6 out of 5 stars, ₹274.00 
Lucent General Knowledge - New Reduced Price Ediiton - 13th - Edition for 2024 Exams and Increased Number of Pages (458 Pages,,41,4.2 out of 5 stars,230
Think and Grow Rich: THE 21st CENTURY EDITION,Napoleon Hill,"78,280",4.4 out of 5 stars, ₹139.00 
Bhagvad Gita As It Is English New Edition,A. C. Bhaktivedanta Swami Prabhupad,"7,105",4.8 out of 5 stars, ₹317.00 
THE LION INSIDE,Rachel Bright,"8,239",4.7 out of 5 stars, ₹279.00 
Story Books for Kids - Second Reader (Illustrated) (Set of 6 Books) - Phonic stories - Bedtime Stories - 3 Years to 6 Years O,Maple Press,250,4.3 out of 5 stars, ₹153.00 
"Quantitative Aptitude for Competitive Examinations All Government and Entrance Exams (Banking, SSC, Railway, Police, Civil Se",R. S Aggarwal,"2,681",4.4 out of 5 stars, ₹590.00 
"Oswaal CBSE Question Bank Class 10 Mathematics (Standard), Chapterwise and Topicwise Solved Papers For Board Exams 2025",Oswaal Editorial Board,195,4.4 out of 5 stars, ₹559.00 
Attitude is Everything change your attitude change your life!,Jeff Keller,"25,194",4.5 out of 5 stars, ₹130.00 
Jaico Publishing House The 5 Am Club,Robin Sharma,"33,227",4.5 out of 5 stars, ₹240.00 
"MTG International Mathematics Olympiad (IMO) Workbook for Class 4 - MCQs, Previous Years Solved Paper and Achievers Section -",MAHABIR SINGH,47,4.3 out of 5 stars, ₹100.00 
11 Rules For Life: Secrets to Level Up,Chetan Bhagat,"1,140",4.5 out of 5 stars, ₹237.00 
Nursery Rhymes Board Book (My First Book Series): Illustrated Classic Nursery Rhymes,Wonder House Books,"5,251",4.6 out of 5 stars, ₹199.00 
"PW CBSE Class 10th PYQs - Past 10 Years' Solved Papers (2024-2025) - Delhi & Outside Delhi Science, Mathematics (Standard), S",PW,112,4.3 out of 5 stars, ₹486.00 
"THE 48 LAWS OF POWER [Paperback] Greene, Robert",Robert Greene,"21,043",4.6 out of 5 stars, ₹645.00 
"Professional'S New Criminal Laws Combo: Bharatiya Nagarik Suraksha Sanhita, 2023 (Bnss), Bharatiya Nyaya Sanhita, 2023 (Bns),",Professional's,133,4.5 out of 5 stars, ₹450.00 
"MTG Objective NCERT at your FINGERTIPS Biology - NCERT NEET Trend Indicator, Notes with HD Pages, Exam Archive & MCQs | NEET ",MTG Editorial Board,37,4.4 out of 5 stars, ₹675.00 
"MTG International Mathematics Olympiad (IMO) Workbook for Class 6 - MCQs, Previous Years Solved Paper and Achievers Section -",MAHABIR SINGH,37,4.4 out of 5 stars, ₹100.00 
Mathematics class 9th and MCQs - by R.D. Sharma (2024-25 Examination),R.D. Sharma,237,4.4 out of 5 stars, ₹404.00 
Picture Books Collection for Early Learning (Set of 12),E C Axus,"20,035",4.3 out of 5 stars, ₹245.00 
Maths Concept King All Formulas and Theorum | Smart Tricks | Arithmetic & Advance Maths,Gagan Pratap Sir,289,4.2 out of 5 stars, ₹227.00 
"Twisted Love Games Hate Lies set: Special Edition Set (Twisted, 1-4) Paperback",Ana Huang,658,4.5 out of 5 stars, ₹535.00 
The Good Girl's Guide to Murder: Book 1 (A Good Girl?s Guide to Murder) (A Good Girl?s Guide to Murder),Holly Jackson,"58,082",4.6 out of 5 stars, ₹305.00 
"Do It Today: Overcome procrastination, improve productivity and achieve more meaningful things [Paperback] Foroux, Darius",Darius Foroux,"9,582",4.4 out of 5 stars, ₹145.00 
Man's Search For Meaning: The classic tribute to hope from the Holocaust,Victor E. Frankl,"87,203",4.5 out of 5 stars, ₹263.00 
Bhagvad Gita As It Is English New Edition,His Divine Grace A.C. Bhaktivedanta Swami Prabhupada,"9,063",4.7 out of 5 stars, ₹317.00 
Aapke Avchetan Mann Ki Shakti (The Power Of Your Subconscious Mind In Hindi),Joseph Murphy,"14,792",4.4 out of 5 stars, ₹149.00 
1001 Jumbo Brain Booster Activities for 5 to 8 Years Old Kids|Enhance the Child Mind with Cognitive Excellence with Interacti,Team Pegasus,898,4.6 out of 5 stars, ₹299.00 
NCERTSHOP Science Curiosity Textbook of Science For Class VI 6th (English Medium) | 6th Class Science Book,NCERT,,, ₹99.00 
