Book Title,Author,Rating,Customers Rated,Price
I Don't Love You Anymore: Moving On and Living Your Best Life | National Bestseller by Rithvik Singh | Original Edition,Rithvik Singh,4.1 out of 5 stars,333,₹206.00
Amma Diarylo Konni Pageelu,Ravi Mantri,4.8 out of 5 stars,481,₹200.00
My First Library: Boxset of 10 Board Books for Kids,Wonder House Books,4.5 out of 5 stars,"79,147",₹399.00
Atomic Habits,James Clear,4.6 out of 5 stars,"96,029",₹499.99
The Psychology of Money,Morgan Housel,4.6 out of 5 stars,"65,330",₹274.00
Ikigai: Japanese secret to long and happy life,Francesc Miralles,4.6 out of 5 stars,"55,534",₹346.00
The Power of Your Subconscious Mind: Original Edition | Premium Paperback,Joseph Murphy,4.4 out of 5 stars,"13,016",₹149.00
My First Book of Patterns Pencil Control: Patterns Practice book for kids (Pattern Writing),Wonder House Books,4.4 out of 5 stars,"28,442",₹91.00
BlackBook of English Vocabulary May 2024 by Nikhil Gupta,Nikhil Gupta,4.4 out of 5 stars,426,₹265.00
CLASS 6 EXPLORING SOCIETY INDIA AND BEYOND SOCIAL SCIENCE 0681 CLASS 6 NCERT 2024 EDITION,National Council of Educational Research and Training,1.8 out of 5 stars,20,₹50.00
Don't Believe Everything You Think (English),Joseph Nguyen,4.5 out of 5 stars,"7,078",₹194.00
Menstrupedia Comic : The Friendly Guide To Periods For Girls (English),Aditi Gupta,4.7 out of 5 stars,"2,637",₹295.00
Zero Oil 151 Nashte Namkeen (जीरो ऑयल 151 नाश्ते नमकीन),Bimal Chhajer,3.9 out of 5 stars,170,₹159.00
Dopamine Detox : A Short Guide to Remove Distractions and Get Your Brain to Do Hard Things,Thibaut Meurisse,4.4 out of 5 stars,"9,688",₹195.00
"THE SILENT PATIENT [Paperback] Michaelides, Alex",Alex Michaelides,4.5 out of 5 stars,"317,364",₹255.00
Animals Tales From Panchtantra: Timeless Stories for Children From Ancient India,Wonder House Books,4.5 out of 5 stars,"5,804",₹199.00
Autobiography of a Yogi (Complete Original Edition),Paramahansa Yogananda,4.6 out of 5 stars,"10,498",₹109.00
Coloring Books Box Set: Pack of 12 Copy Color Books For Children,Wonder House Books,4.4 out of 5 stars,"5,017",₹369.00
The Power of Your Subconscious Mind,Joseph Murphy,4.5 out of 5 stars,"70,053",₹137.00
Buy Yourself the Damn Flowers,Tam Kaur,5.0 out of 5 stars,17,₹259.00
"Moral Story Books for Kids (Illustrated) - English Short Stories with Colourful Pictures - Bedtime Children Story Book - 3 Years to 6 Years Old Children - Read Aloud to Infants, Toddlers (Set of 10 Books)",Maple Press,4.5 out of 5 stars,"2,943",₹210.00
"PW Physics Med Easy Notes | Notes, Formulas, Mnemonics, Tips & Tricks for NEET/JEE & Board Exams | MR Sir Physics Handwritten Notes",Dr. Manish Raj (MR. Sir),4.7 out of 5 stars,"2,573",₹400.00
"Grandma's Bag of Stories: Collection of 20+ Illustrated short stories, traditional Indian folk tales for all ages for children of all ages by Sudha Murty [Paperback] Sudha Murty",Murty Sudha,4.6 out of 5 stars,"20,983",₹199.00
"GANITPRAKASH, Textbook for Mathematics, Grade VI 674 Edition 2024",National Council of Educational Research and Training,3.0 out of 5 stars,2,₹82.00
1001 Ultimate Brain Booster Activities for 4+ Years Old Kids |Enhance the Child Mind with Cognitive Excellence with Interactive Activity Book,Team Pegasus,4.6 out of 5 stars,"1,385",₹299.00
Own Your Body,Dr. Shiv K Sarin,4.5 out of 5 stars,745,₹324.00
The Mountain Is You: Transforming Self-Sabotage Into Self-Mastery,Brianna Wiest,4.3 out of 5 stars,"19,034",₹259.00
Shrimad Bhagwat Geeta Yatharoop (Hindi),A.C. Bhaktivendanta Swami Prabhupada,4.8 out of 5 stars,"19,907",₹170.00
All In One Science CBSE Class 10th Based On Latest NCERT For CBSE Exams 2025 | Mind map in each chapter | Clear & Concise Theory | Intext & Chapter Exercises | Sample Question Papers,"Dr. parul Goel Ranjan , Abhshek Gupta",4.4 out of 5 stars,182,₹409.00
"MINtile Sank Magic Practice Copybook, (4 Book + 10 Refill) Number Tracing Book for Preschoolers with Pen, Magic Calligraphy Copybook Set Practical Reusable Writing Tool Simple Hand Lettering",Sank Magic,4.0 out of 5 stars,"2,510",₹69.00
All In One Social Science CBSE Class 10th Based On Latest NCERT For CBSE Exams 2025 | Mind map in each chapter | Clear & Concise Theory | Intext & Chapter Exercises | Sample Question Papers,Susmita Dhar Kriti Arora ,4.4 out of 5 stars,265,₹332.00
Martyr's Fire: Book 3 in the Merlin's Immortals series: 03,Sigmund Brouwer,4.6 out of 5 stars,17,₹972.00
Days at the Morisaki Bookshop : A charming and uplifting Japanese translated story on the healing power of books,Satoshi Yagisawa,4.4 out of 5 stars,"4,340",₹274.00
"Writing Practice Boxset: Pack of 4 Books (Writing Fun: Write And Practice Capital Letters, Small Letters, Patterns and Numbers 1 to 10)",Wonder House Books,4.3 out of 5 stars,"12,717",₹199.00
ST Scjkegience Curkiosity Thextbokhok For Clakjkss 6fg Filrst Edeglition 2kl0e24,NCERT,5.0 out of 5 stars,1,₹45.00
"Oswaal CBSE Question Bank Class 10 Science, Chapterwise and Topicwise Solved Papers For Board Exams 2025",Oswaal Editorial Board,4.4 out of 5 stars,320,₹562.00
The Magic Of The Lost Temple**,Sudha Murty,4.6 out of 5 stars,"10,233",₹150.00
Rich Dad Poor Dad : What the Rich Teach Their Kids About Money,Robert T. Kiyosaki,4.5 out of 5 stars,"31,082",₹395.00
All In One Social Science CBSE Class 9th Based On Latest NCERT For CBSE Exams 2025 | Mind map in each chapter | Clear & Concise Theory | Intext & Chapter Exercises | Sample Question Papers,Subhasis Swain Kriti Arora ,4.4 out of 5 stars,106,₹359.00
"My First Mythology Tale (Illustrated) (Set of 5 Books) - Mahabharata, Krishna, Hanuman, Ganesha, Ramayana - Story Book for Kids - English Short Stories with Colourful Pictures - Read Aloud to Infants, Toddlers",Maple Press,4.4 out of 5 stars,"9,038",₹184.00
World’s Greatest Books For Personal Growth & Wealth (Set of 4 Books) : Perfect Motivational Gift Set,Dale Carnegie,4.5 out of 5 stars,"26,742",₹349.00
"Courage To Be Disliked, The: How to free yourself, change your life and achieve real happiness",Ichiro Kishimi and Fumitake Koga,4.6 out of 5 stars,"14,507",₹339.00
"MTG International Mathematics Olympiad (IMO) Workbook for Class 3 - MCQs, Previous Years Solved Paper and Achievers Section - SOF Olympiad Preparation Books For 2024-2025 Exam",MAHABIR SINGH,4.6 out of 5 stars,53,₹70.00
All In One Science CBSE Class 9th Based On Latest NCERT For CBSE Exams 2025 | Mind map in each chapter | Clear & Concise Theory | Intext & Chapter Exercises | Sample Question Papers,"Rashmi Gupta Heena Sharma , Subhankar Vats ",4.4 out of 5 stars,117,₹261.00
Shlokas and Mantras For Kids Illustrated Padded Board Book Learn About India's Rich Culture and Tradition In Three Languages,Wonder House Books,4.7 out of 5 stars,994,₹199.00
NTA UGC NET '24 Paper 1 By Kvs Madaan|Teaching And Research Aptitude Net/Set/Jrf|Includes 2023 Paper (2 Sets) & 23 Years Chapter Wise Solved Previous Year Questions|Includes 2600+ Questions,KVS Madaan,4.3 out of 5 stars,319,₹360.00
White Nights,Fyodor Dostoyevsky,4.5 out of 5 stars,"2,406",₹93.00
The Hidden Hindu,Akshat Gupta,4.5 out of 5 stars,"4,178",₹180.00
Mathematics class 10th and MCQs - by R.D. Sharma (2024-25 Examination),R.D. Sharma,4.5 out of 5 stars,610,₹449.00
BRAHMASTRA Complete Maths Multicolored Formula Book Second Edition BILINGUAL by Aditya Ranjan Sir,Aditya Sir Ranjan,4.5 out of 5 stars,"2,174",₹164.00
Taxmann’s New Criminal Laws Combo – Bharatiya Nyaya Sanhita 2023 (BNS) | Bharatiya Nagarik Suraksha Sanhita 2023 (BNSS) | Bharatiya Sakshya Adhiniyam 2023 (BSA) | 3 Books Set,Taxmann,4.3 out of 5 stars,351,₹580.00
Educart CBSE Class 10 SCIENCE One Shot Question Bank 2024-25 (Updated for 2025 Exam),Prashant Kirad,4.5 out of 5 stars,226,₹339.00
All In One English Language & Literature CBSE Class 10th Based On Latest NCERT For CBSE Exams 2025 | Mind map in each chapter | Clear & Concise Theory | Intext & Chapter Exercises | Sample Question Papers,Prerna Kain Srishti Agarwal ,4.3 out of 5 stars,168,₹399.00
"MTG International Mathematics Olympiad (IMO) Workbook for Class 2 - MCQs, Previous Years Solved Paper and Achievers Section - SOF Olympiad Preparation Books For 2024-2025 Exam",MAHABIR SINGH,4.4 out of 5 stars,49,₹70.00
Meditations,Marcus Aurelius,4.4 out of 5 stars,"10,654",₹139.00
Indian Polity for UPSC (English)|7th Edition|Civil Services Exam| State Administrative Exams,M Laxmikanth,4.6 out of 5 stars,"2,283",₹759.00
Mandala Art: Colouring books for Adults with tear out sheets,Wonder House Books,4.5 out of 5 stars,"6,397",₹186.00
Bhagavad Gita [Deluxe Hardbound Edition] Sacred Text for Self-Realization and Spiritual Enlightenment | Discover Ancient Wisdom | Timeless Religious Teachings | Book on India’s Vedic Wisdom,Anonymous,4.7 out of 5 stars,"2,521",₹239.00
The Satvic Revolution: 7 Life-Changing Habits to Discover Peak Health and Joy,Subah Saraf,4.7 out of 5 stars,180,₹324.00
"Samsara: Enter the Valley of the Gods (""India's answer to Harry Potter"") | Mythological fiction novel",Saksham Garg,4.3 out of 5 stars,"1,429",₹162.00
Word Power Made Easy By Norman Lewis (More than 700 Pages),Norman Lewis,4.4 out of 5 stars,"3,140",₹97.00
"The Palace of Illusions: 10th Anniversary Edition [Paperback] Banerjee Divakaruni, Chitra",Chitra Banerjee Divakaruni,4.5 out of 5 stars,"10,315",₹305.00
The Art of Laziness: Overcome Procrastination and Boost Your Productivity,Library Mindset,4.5 out of 5 stars,"1,861",₹180.00
How to Win Friends and Influence People : Original Edition | Premium Paperback,Dale Carnegie,4.5 out of 5 stars,"84,334",₹135.00
Kunex It Ends With Us : ''Sometimes The One Who Loves You Is The One Who Hurts You The Most'',Colleen Hoover,4.5 out of 5 stars,"321,172",₹354.00
"MTG International Mathematics Olympiad (IMO) Workbook for Class 5 - MCQs, Previous Years Solved Paper and Achievers Section - SOF Olympiad Preparation Books For 2024-2025 Exam",MAHABIR SINGH,4.2 out of 5 stars,45,₹70.00
"Quantitative Aptitude for CAT | 11th Edition (Latest) | Quant | CAT Preparation Exam Book 2024 | Previous Years Solved Papers (PYQ) | McGraw Hill edge Access: Mock Tests, Expert Sessions & Strategies",Arun Sharma,3.9 out of 5 stars,31,₹788.00
Oxford Student Atlas for India | 5th Edition | For UPSC and Competitive Exams | Latest Edition,Oxford University Press,4.5 out of 5 stars,384,₹248.00
"MTG International Mathematics Olympiad (IMO) Workbook for Class 7 - MCQs, Previous Years Solved Paper and Achievers Section - SOF Olympiad Preparation Books For 2024-2025 Exam",MAHABIR SINGH,4.3 out of 5 stars,45,₹70.00
Metamorphosis,Franz Kafka,4.5 out of 5 stars,"12,726",₹109.00
My First 365 Coloring Book: Jumbo Coloring Book For Kids (With Tear Out Sheets),Wonder House Books,4.5 out of 5 stars,"1,351",₹199.00
The Alchemist,Paulo Coelho,4.6 out of 5 stars,"150,017",₹274.00
,,4.2 out of 5 stars,41,₹200.00
Think and Grow Rich: THE 21st CENTURY EDITION,Napoleon Hill,4.4 out of 5 stars,"78,280",₹137.00
Bhagvad Gita As It Is English New Edition,A. C. Bhaktivedanta Swami Prabhupad,4.8 out of 5 stars,"7,105",₹317.00
THE LION INSIDE,Rachel Bright,4.7 out of 5 stars,"8,239",₹189.00
"Story Books for Kids - Second Reader (Illustrated) (Set of 6 Books) - Phonic stories - Bedtime Stories - 3 Years to 6 Years Old - Read Aloud to Infants, Toddlers",Maple Press,4.3 out of 5 stars,250,₹153.00
"Quantitative Aptitude for Competitive Examinations All Government and Entrance Exams (Banking, SSC, Railway, Police, Civil Service, etc.) 40 Videos | 2000+ Solved Examples | 10000+ Practice Questions",R. S Aggarwal,4.4 out of 5 stars,"2,681",₹589.90
"Oswaal CBSE Question Bank Class 10 Mathematics (Standard), Chapterwise and Topicwise Solved Papers For Board Exams 2025",Oswaal Editorial Board,4.4 out of 5 stars,195,₹555.00
Attitude is Everything change your attitude change your life!,Jeff Keller,4.5 out of 5 stars,"25,194",₹130.00
Jaico Publishing House The 5 Am Club,Robin Sharma,4.5 out of 5 stars,"33,227",₹240.00
"MTG International Mathematics Olympiad (IMO) Workbook for Class 4 - MCQs, Previous Years Solved Paper and Achievers Section - SOF Olympiad Preparation Books For 2024-2025 Exam",MAHABIR SINGH,4.3 out of 5 stars,47,₹70.00
11 Rules For Life: Secrets to Level Up,Chetan Bhagat,4.5 out of 5 stars,"1,140",₹198.00
Nursery Rhymes Board Book (My First Book Series): Illustrated Classic Nursery Rhymes,Wonder House Books,4.6 out of 5 stars,"5,251",₹199.00
"PW CBSE Class 10th PYQs - Past 10 Years' Solved Papers (2024-2025) - Delhi & Outside Delhi Science, Mathematics (Standard), Social Science, English Language & Literature with CBSE step-wise marking",PW,4.3 out of 5 stars,112,₹485.00
"THE 48 LAWS OF POWER [Paperback] Greene, Robert",Robert Greene,4.6 out of 5 stars,"21,043",₹645.00
"Professional'S New Criminal Laws Combo: Bharatiya Nagarik Suraksha Sanhita, 2023 (Bnss), Bharatiya Nyaya Sanhita, 2023 (Bns), Bharatiya Sakshya Adhiniyam, 2023 (Bsa)- 3 Bare Acts Combo",Professional's,4.5 out of 5 stars,133,₹450.00
"MTG Objective NCERT at your FINGERTIPS Biology - NCERT NEET Trend Indicator, Notes with HD Pages, Exam Archive & MCQs | NEET Books (Based on NCERT Latest Pattern for 2025 Exam)",MTG Editorial Board,4.4 out of 5 stars,37,₹643.05
"MTG International Mathematics Olympiad (IMO) Workbook for Class 6 - MCQs, Previous Years Solved Paper and Achievers Section - SOF Olympiad Preparation Books For 2024-2025 Exam",MAHABIR SINGH,4.4 out of 5 stars,37,₹70.00
Mathematics class 9th and MCQs - by R.D. Sharma (2024-25 Examination),R.D. Sharma,4.4 out of 5 stars,237,₹404.00
Picture Books Collection for Early Learning (Set of 12),E C Axus,4.3 out of 5 stars,"20,035",₹245.00
Maths Concept King All Formulas and Theorum | Smart Tricks | Arithmetic & Advance Maths,Gagan Pratap Sir,4.2 out of 5 stars,289,₹227.00
"Twisted Love Games Hate Lies set: Special Edition Set (Twisted, 1-4) Paperback",Ana Huang,4.5 out of 5 stars,658,₹531.00
The Good Girl's Guide to Murder: Book 1 (A Good Girl?s Guide to Murder) (A Good Girl?s Guide to Murder),Holly Jackson,4.6 out of 5 stars,"58,082",₹305.00
"Do It Today: Overcome procrastination, improve productivity and achieve more meaningful things [Paperback] Foroux, Darius",Darius Foroux,4.4 out of 5 stars,"9,582",₹139.00
Man's Search For Meaning: The classic tribute to hope from the Holocaust,Victor E. Frankl,4.5 out of 5 stars,"87,203",₹263.00
Bhagvad Gita As It Is English New Edition,His Divine Grace A.C. Bhaktivedanta Swami Prabhupada,4.7 out of 5 stars,"9,063",₹225.00
Aapke Avchetan Mann Ki Shakti (The Power Of Your Subconscious Mind In Hindi),Joseph Murphy,4.4 out of 5 stars,"14,792",₹137.00
1001 Jumbo Brain Booster Activities for 5 to 8 Years Old Kids|Enhance the Child Mind with Cognitive Excellence with Interactive Activity Book,Team Pegasus,4.6 out of 5 stars,898,₹299.00
NCERT,NCERT,,₹99.00,₹99.00
